,Send Size (KB),Mega FLOPs
ECG,187.4736328125,1.409536
PPG,187.4736328125,1.409536
ECG_PPG,187.5439453125,1.483264
Fusion,347.8955078125,2.791936
ECG (Slipt),91.0517578125,1.409536
PPG (Slipt),91.0517578125,1.409536
ECG_PPG (Slipt),91.0517578125,1.483264
Fusion (Slipt),155.0517578125,2.791936
